{
  "static_objectid": {
    "dataset": "MABUSA_811_stamp",
    "field_name": "OBJECTID"
  },
  "static_lvs_id": {
    "dataset": "MABUSA_811_stamp",
    "field_name": "lvs_id"
  },
  "static_lvs_uid": {
    "dataset": "MABUSA_811_stamp",
    "field_name": "lvs_uid"
  },
  "static_work_unit_id": {
    "dataset": "MABUSA_811_stamp",
    "field_name": "work_unit_id"
  },
  "static_create_date": {
    "dataset": "MABUSA_811_stamp",
    "field_name": "create_date"
  },
  "static_last_update_date": {
    "dataset": "MABUSA_811_stamp",
    "field_name": "last_update_date"
  },
  "static_project_id": {
    "dataset": "MABUSA_811_stamp",
    "field_name": "project_id"
  },
  "static_create_user": {
    "dataset": "MABUSA_811_stamp",
    "field_name": "create_user"
  },
  "static_update_user": {
    "dataset": "MABUSA_811_stamp",
    "field_name": "update_user"
  },
  "static_latitude": {
    "dataset": "MABUSA_811_stamp",
    "field_name": "latitude"
  },
  "static_longitude": {
    "dataset": "MABUSA_811_stamp",
    "field_name": "longitude"
  },
  "static_record_type": {
    "dataset": "MABUSA_811_stamp",
    "field_name": "record_type"
  },
  "static_orphan": {
    "dataset": "MABUSA_811_stamp",
    "field_name": "orphan"
  },
  "static_deleted": {
    "dataset": "MABUSA_811_stamp",
    "field_name": "deleted"
  },
  "static_usa_811_ticket_required": {
    "dataset": "MABUSA_811_stamp",
    "field_name": "usa_811_ticket_required"
  },
  "static_ticket_number_only": {
    "dataset": "MABUSA_811_stamp",
    "field_name": "ticket_number_only"
  },
  "static_ticket_valid_date": {
    "dataset": "MABUSA_811_stamp",
    "field_name": "ticket_valid_date"
  },
  "static_ticket_requested_by_lan_id": {
    "dataset": "MABUSA_811_stamp",
    "field_name": "ticket_requested_by_lan_id"
  },
  "static_field_notes": {
    "dataset": "MABUSA_811_stamp",
    "field_name": "field_notes"
  },
  "static_ticket_number": {
    "dataset": "MABUSA_811_stamp",
    "field_name": "ticket_number"
  },
  "static_project_globalid": {
    "dataset": "MABUSA_811_stamp",
    "field_name": "project_globalid"
  },
  "static_globalid": {
    "dataset": "MABUSA_811_stamp",
    "field_name": "globalid"
  },
  "static_created_user": {
    "dataset": "MABUSA_811_stamp",
    "field_name": "created_user"
  },
  "static_created_date": {
    "dataset": "MABUSA_811_stamp",
    "field_name": "created_date"
  },
  "static_last_edited_user": {
    "dataset": "MABUSA_811_stamp",
    "field_name": "last_edited_user"
  },
  "static_last_edited_date": {
    "dataset": "MABUSA_811_stamp",
    "field_name": "last_edited_date"
  },
  "static_projectnumber": {
    "dataset": "MABConstrProjects",
    "field_name": "projectnumber"
  },
  "static_projectname": {
    "dataset": "MABConstrProjects",
    "field_name": "projectname"
  },
  "static_status": {
    "dataset": "MABConstrProjects",
    "field_name": "status"
  },
  "static_division": {
    "dataset": "MABConstrProjects",
    "field_name": "division"
  },
  "static_usa_811_ticket_required": {
    "dataset": "MABUSA_811_stamp",
    "field_name": "usa_811_ticket_required"
  },
  "static_ticket_valid_date": {
    "dataset": "MABUSA_811_stamp",
    "field_name": "ticket_valid_date"
  },
  "static_field_notes": {
    "dataset": "MABUSA_811_stamp",
    "field_name": "field_notes"
  },
  "static_ticket_number": {
    "dataset": "MABUSA_811_stamp",
    "field_name": "ticket_number"
  },
  "static_ticket_requested_by_lan_id": {
    "dataset": "MABUSA_811_stamp",
    "field_name": "ticket_requested_by_lan_id"
  }

}
